Received At;Value
2024-07-31T06:44:11Z;10
2024-07-31T06:44:10Z;10
2024-07-31T06:44:09Z;10
2024-07-31T06:44:08Z;10
2024-07-31T06:44:07Z;10
2024-07-31T06:44:06Z;10
2024-07-31T06:44:05Z;10
2024-07-31T06:44:04Z;10
2024-07-31T06:44:03Z;10
2024-07-31T06:44:02Z;10
2024-07-31T06:44:01Z;10
2024-07-31T06:44:00Z;10
2024-07-31T06:43:59Z;10
2024-07-31T06:43:58Z;11
2024-07-31T06:43:57Z;11
2024-07-31T06:43:56Z;11
2024-07-31T06:43:55Z;11
2024-07-31T06:43:54Z;11
2024-07-31T06:43:53Z;11
2024-07-31T06:43:52Z;11
2024-07-31T06:43:51Z;11
2024-07-31T06:43:50Z;11
2024-07-31T06:43:49Z;11
2024-07-31T06:43:48Z;11
2024-07-31T06:43:47Z;11
2024-07-31T06:43:46Z;11
2024-07-31T06:43:45Z;11
2024-07-31T06:43:44Z;11
2024-07-31T06:43:43Z;11
2024-07-31T06:43:42Z;11
2024-07-31T06:43:41Z;11
2024-07-31T06:43:40Z;11
2024-07-31T06:43:39Z;11
2024-07-31T06:43:38Z;11
2024-07-31T06:43:37Z;11
2024-07-31T06:43:36Z;11
2024-07-31T06:43:35Z;11
2024-07-31T06:43:34Z;11
2024-07-31T06:43:33Z;11
2024-07-31T06:43:32Z;11
2024-07-31T06:43:31Z;10
2024-07-31T06:43:30Z;10
2024-07-31T06:43:29Z;10
2024-07-31T06:43:28Z;10
2024-07-31T06:43:27Z;10
2024-07-31T06:43:26Z;10
2024-07-31T06:43:25Z;10
2024-07-31T06:43:24Z;10
2024-07-31T06:43:23Z;10
2024-07-31T06:43:22Z;10
2024-07-31T06:43:21Z;10
2024-07-31T06:43:20Z;10
2024-07-31T06:43:19Z;10
2024-07-31T06:43:18Z;10
2024-07-31T06:43:17Z;10
2024-07-31T06:43:16Z;11
2024-07-31T06:43:15Z;11
2024-07-31T06:43:14Z;11
2024-07-31T06:43:13Z;11
2024-07-31T06:43:12Z;11
2024-07-31T06:43:11Z;11
2024-07-31T06:43:10Z;11
2024-07-31T06:43:09Z;11
2024-07-31T06:43:08Z;11
2024-07-31T06:43:07Z;11
2024-07-31T06:43:06Z;11
2024-07-31T06:43:05Z;11
2024-07-31T06:43:04Z;11
2024-07-31T06:43:03Z;11
2024-07-31T06:43:02Z;11
2024-07-31T06:43:01Z;11
2024-07-31T06:43:00Z;11
2024-07-31T06:42:59Z;11
2024-07-31T06:42:58Z;11
2024-07-31T06:42:57Z;11
2024-07-31T06:42:56Z;11
2024-07-31T06:42:55Z;11
2024-07-31T06:42:54Z;11
2024-07-31T06:42:53Z;11
2024-07-31T06:42:52Z;11
2024-07-31T06:42:51Z;11
2024-07-31T06:42:50Z;11
2024-07-31T06:42:49Z;11
2024-07-31T06:42:48Z;11
2024-07-31T06:42:47Z;11
2024-07-31T06:42:46Z;11
2024-07-31T06:42:45Z;11
2024-07-31T06:42:44Z;11
2024-07-31T06:42:43Z;11
2024-07-31T06:42:42Z;11
2024-07-31T06:42:41Z;11
2024-07-31T06:42:40Z;11
2024-07-31T06:42:39Z;11
2024-07-31T06:42:38Z;11
2024-07-31T06:42:37Z;11
2024-07-31T06:42:36Z;11
2024-07-31T06:42:35Z;11
2024-07-31T06:42:34Z;11
2024-07-31T06:42:33Z;11
2024-07-31T06:42:32Z;11
2024-07-31T06:42:31Z;11
2024-07-31T06:42:30Z;11
2024-07-31T06:42:29Z;11
2024-07-31T06:42:28Z;11
2024-07-31T06:42:27Z;11
2024-07-31T06:42:26Z;11
2024-07-31T06:42:25Z;11
2024-07-31T06:42:24Z;11
2024-07-31T06:42:23Z;11
2024-07-31T06:42:22Z;11
2024-07-31T06:42:21Z;11
2024-07-31T06:42:20Z;11
2024-07-31T06:42:19Z;11
2024-07-31T06:42:18Z;11
2024-07-31T06:42:17Z;11
2024-07-31T06:42:16Z;11
2024-07-31T06:42:15Z;11
2024-07-31T06:42:14Z;11
2024-07-31T06:42:13Z;11
2024-07-31T06:42:12Z;11
2024-07-31T06:42:11Z;11
2024-07-31T06:42:10Z;11
2024-07-31T06:42:09Z;11
2024-07-31T06:42:08Z;11
2024-07-31T06:42:07Z;11
2024-07-31T06:42:06Z;11
2024-07-31T06:42:05Z;11
2024-07-31T06:42:04Z;11
2024-07-31T06:42:03Z;11
2024-07-31T06:42:02Z;11
2024-07-31T06:42:01Z;11
2024-07-31T06:42:00Z;11
2024-07-31T06:41:59Z;11
2024-07-31T06:41:58Z;11
2024-07-31T06:41:57Z;11
2024-07-31T06:41:56Z;11
2024-07-31T06:41:55Z;11
2024-07-31T06:41:54Z;11
2024-07-31T06:41:53Z;11
2024-07-31T06:41:52Z;11
2024-07-31T06:41:50Z;11
2024-07-31T06:41:49Z;11
2024-07-31T06:41:48Z;11
2024-07-31T06:41:47Z;11
2024-07-31T06:41:46Z;11
2024-07-31T06:41:45Z;11
2024-07-31T06:41:44Z;11
2024-07-31T06:41:43Z;11
2024-07-31T06:41:42Z;11
2024-07-31T06:41:41Z;10
2024-07-31T06:41:40Z;10
2024-07-31T06:41:39Z;10
2024-07-31T06:41:38Z;10
2024-07-31T06:41:37Z;10
2024-07-31T06:41:36Z;10
2024-07-31T06:41:35Z;10
2024-07-31T06:41:34Z;10
2024-07-31T06:41:33Z;10
2024-07-31T06:41:32Z;10
2024-07-31T06:41:31Z;10
2024-07-31T06:41:30Z;10
2024-07-31T06:41:29Z;10
2024-07-31T06:41:28Z;10
2024-07-31T06:41:27Z;10
2024-07-31T06:41:26Z;10
2024-07-31T06:41:25Z;10
2024-07-31T06:41:24Z;10
2024-07-31T06:41:23Z;10
2024-07-31T06:41:22Z;10
2024-07-31T06:41:21Z;10
2024-07-31T06:41:20Z;10
2024-07-31T06:41:19Z;11
2024-07-31T06:41:18Z;11
2024-07-31T06:41:17Z;11
2024-07-31T06:41:16Z;11
2024-07-31T06:41:15Z;11
2024-07-31T06:41:14Z;11
2024-07-31T06:41:13Z;11
2024-07-31T06:41:12Z;11
2024-07-31T06:41:11Z;11
2024-07-31T06:41:10Z;11
2024-07-31T06:41:09Z;11
2024-07-31T06:41:08Z;11
2024-07-31T06:41:07Z;11
2024-07-31T06:41:06Z;11
2024-07-31T06:41:05Z;11
2024-07-31T06:41:04Z;11
2024-07-31T06:41:03Z;11
2024-07-31T06:41:02Z;11
2024-07-31T06:41:01Z;11
2024-07-31T06:41:00Z;11
2024-07-31T06:40:59Z;11
2024-07-31T06:40:58Z;11
2024-07-31T06:40:57Z;11
2024-07-31T06:40:56Z;11
2024-07-31T06:40:55Z;11
2024-07-31T06:40:54Z;11
2024-07-31T06:40:53Z;11
2024-07-31T06:40:52Z;11
2024-07-31T06:40:51Z;11
2024-07-31T06:40:50Z;11
2024-07-31T06:40:49Z;11
2024-07-31T06:40:48Z;11
2024-07-31T06:40:47Z;11
2024-07-31T06:40:46Z;11
2024-07-31T06:40:45Z;11
2024-07-31T06:40:44Z;11
2024-07-31T06:40:43Z;11
2024-07-31T06:40:42Z;11
2024-07-31T06:40:41Z;11
2024-07-31T06:40:40Z;11
2024-07-31T06:40:39Z;11
2024-07-31T06:40:38Z;11
2024-07-31T06:40:37Z;11
2024-07-31T06:40:36Z;11
2024-07-31T06:40:35Z;11
2024-07-31T06:40:34Z;11
2024-07-31T06:40:33Z;11
2024-07-31T06:40:32Z;11
2024-07-31T06:40:31Z;11
2024-07-31T06:40:30Z;11
2024-07-31T06:40:29Z;11
2024-07-31T06:40:28Z;11
2024-07-31T06:40:27Z;11
2024-07-31T06:40:26Z;11
2024-07-31T06:40:25Z;11
2024-07-31T06:40:24Z;11
2024-07-31T06:40:23Z;11
2024-07-31T06:40:22Z;11
2024-07-31T06:40:21Z;11
2024-07-31T06:40:20Z;11
2024-07-31T06:40:19Z;11
2024-07-31T06:40:18Z;11
2024-07-31T06:40:17Z;11
2024-07-31T06:40:16Z;11
2024-07-31T06:40:15Z;11
2024-07-31T06:40:14Z;11
2024-07-31T06:40:13Z;11
2024-07-31T06:40:12Z;11
2024-07-31T06:40:11Z;11
2024-07-31T06:40:10Z;11
2024-07-31T06:40:09Z;11
2024-07-31T06:40:08Z;11
2024-07-31T06:40:07Z;11
2024-07-31T06:40:06Z;11
2024-07-31T06:40:05Z;11
2024-07-31T06:40:04Z;11
2024-07-31T06:40:03Z;11
2024-07-31T06:40:02Z;11
2024-07-31T06:40:01Z;11
2024-07-31T06:40:00Z;11
2024-07-31T06:39:59Z;11
2024-07-31T06:39:58Z;11
2024-07-31T06:39:57Z;11
2024-07-31T06:39:56Z;11
2024-07-31T06:39:55Z;11
2024-07-31T06:39:54Z;11
2024-07-31T06:39:53Z;11
2024-07-31T06:39:52Z;11
2024-07-31T06:39:51Z;11
2024-07-31T06:39:50Z;11
2024-07-31T06:39:49Z;11
2024-07-31T06:39:48Z;11
2024-07-31T06:39:47Z;11
2024-07-31T06:39:46Z;12
2024-07-31T06:39:45Z;12
2024-07-31T06:39:44Z;12
2024-07-31T06:39:43Z;12
2024-07-31T06:39:42Z;12
2024-07-31T06:39:41Z;12
2024-07-31T06:39:40Z;12
2024-07-31T06:39:39Z;12
2024-07-31T06:39:38Z;12
2024-07-31T06:39:37Z;12
2024-07-31T06:39:36Z;12
2024-07-31T06:39:35Z;12
2024-07-31T06:39:34Z;12
2024-07-31T06:39:33Z;12
2024-07-31T06:39:32Z;12
2024-07-31T06:39:31Z;12
2024-07-31T06:39:30Z;12
2024-07-31T06:39:29Z;12
2024-07-31T06:39:28Z;12
2024-07-31T06:39:27Z;12
2024-07-31T06:39:26Z;12
2024-07-31T06:39:25Z;12
2024-07-31T06:39:24Z;11
2024-07-31T06:39:23Z;11
2024-07-31T06:39:22Z;11
2024-07-31T06:39:21Z;11
2024-07-31T06:39:20Z;11
2024-07-31T06:39:19Z;11
2024-07-31T06:39:18Z;11
2024-07-31T06:39:17Z;11
2024-07-31T06:39:16Z;11
2024-07-31T06:39:15Z;11
2024-07-31T06:39:14Z;10
2024-07-31T06:39:13Z;10
2024-07-31T06:39:12Z;10
2024-07-31T06:39:11Z;10
2024-07-31T06:39:10Z;10
2024-07-31T06:39:09Z;10
2024-07-31T06:39:08Z;10
2024-07-31T06:39:07Z;10
2024-07-31T06:39:06Z;10
2024-07-31T06:39:05Z;10
2024-07-31T06:39:04Z;10
2024-07-31T06:39:03Z;10
2024-07-31T06:39:02Z;10
2024-07-31T06:39:01Z;10
2024-07-31T06:39:00Z;10
2024-07-31T06:38:59Z;10
2024-07-31T06:38:58Z;10
2024-07-31T06:38:57Z;10
2024-07-31T06:38:56Z;10
2024-07-31T06:38:55Z;10
2024-07-31T06:38:54Z;10
2024-07-31T06:38:53Z;10
2024-07-31T06:38:52Z;10
2024-07-31T06:38:51Z;10
2024-07-31T06:38:50Z;10
2024-07-31T06:38:49Z;10
2024-07-31T06:38:48Z;10
2024-07-31T06:38:47Z;10
2024-07-31T06:38:46Z;10
2024-07-31T06:38:45Z;10
2024-07-31T06:38:44Z;10
2024-07-31T06:38:43Z;10
2024-07-31T06:38:42Z;10
2024-07-31T06:38:41Z;10
2024-07-31T06:38:40Z;10
2024-07-31T06:38:39Z;10
2024-07-31T06:38:38Z;11
2024-07-31T06:38:37Z;11
2024-07-31T06:38:36Z;11
2024-07-31T06:38:35Z;10
2024-07-31T06:38:34Z;10
2024-07-31T06:38:33Z;11
2024-07-31T06:38:32Z;11
2024-07-31T06:38:31Z;11
2024-07-31T06:38:30Z;11
2024-07-31T06:38:29Z;11
2024-07-31T06:38:28Z;11
2024-07-31T06:38:27Z;11
2024-07-31T06:38:26Z;11
2024-07-31T06:38:25Z;11
2024-07-31T06:38:24Z;11
2024-07-31T06:38:23Z;11
2024-07-31T06:38:22Z;11
2024-07-31T06:38:21Z;11
2024-07-31T06:38:20Z;11
2024-07-31T06:38:19Z;11
2024-07-31T06:38:18Z;11
2024-07-31T06:38:17Z;11
2024-07-31T06:38:16Z;11
2024-07-31T06:38:15Z;11
2024-07-31T06:38:14Z;12
2024-07-31T06:38:13Z;12
2024-07-31T06:38:12Z;12
2024-07-31T06:38:11Z;12
2024-07-31T06:38:10Z;12
2024-07-31T06:38:09Z;12
2024-07-31T06:38:08Z;12
2024-07-31T06:38:07Z;12
2024-07-31T06:38:06Z;12
2024-07-31T06:38:05Z;12
2024-07-31T06:38:04Z;12
2024-07-31T06:38:03Z;12
2024-07-31T06:38:02Z;11
2024-07-31T06:38:01Z;11
2024-07-31T06:38:00Z;11
2024-07-31T06:37:59Z;11
2024-07-31T06:37:58Z;11
2024-07-31T06:37:57Z;11
2024-07-31T06:37:56Z;11
2024-07-31T06:37:55Z;11
2024-07-31T06:37:54Z;11
2024-07-31T06:37:53Z;11
2024-07-31T06:37:52Z;11
2024-07-31T06:37:51Z;11
2024-07-31T06:37:50Z;11
2024-07-31T06:37:49Z;11
2024-07-31T06:37:48Z;11
2024-07-31T06:37:47Z;11
2024-07-31T06:37:46Z;11
2024-07-31T06:37:45Z;11
2024-07-31T06:37:44Z;11
2024-07-31T06:37:43Z;11
2024-07-31T06:37:42Z;11
2024-07-31T06:37:41Z;11
2024-07-31T06:37:40Z;11
2024-07-31T06:37:39Z;11
2024-07-31T06:37:38Z;11
2024-07-31T06:37:37Z;12
2024-07-31T06:37:36Z;12
2024-07-31T06:37:35Z;12
2024-07-31T06:37:34Z;12
2024-07-31T06:37:33Z;12
2024-07-31T06:37:32Z;12
2024-07-31T06:37:31Z;12
2024-07-31T06:37:30Z;12
2024-07-31T06:37:29Z;12
2024-07-31T06:37:28Z;12
2024-07-31T06:37:27Z;12
2024-07-31T06:37:26Z;12
2024-07-31T06:37:25Z;12
2024-07-31T06:37:24Z;12
2024-07-31T06:37:23Z;12
2024-07-31T06:37:22Z;12
2024-07-31T06:37:21Z;12
2024-07-31T06:37:20Z;12
2024-07-31T06:37:19Z;11
2024-07-31T06:37:18Z;11
2024-07-31T06:37:17Z;11
2024-07-31T06:37:16Z;11
2024-07-31T06:37:15Z;11
2024-07-31T06:37:14Z;11
2024-07-31T06:37:13Z;11
2024-07-31T06:37:12Z;11
2024-07-31T06:37:11Z;11
2024-07-31T06:37:10Z;11
2024-07-31T06:37:09Z;11
2024-07-31T06:37:08Z;11
2024-07-31T06:37:07Z;11
2024-07-31T06:37:06Z;11
2024-07-31T06:37:05Z;11
2024-07-31T06:37:04Z;11
2024-07-31T06:37:03Z;11
2024-07-31T06:37:02Z;11
2024-07-31T06:37:01Z;11
2024-07-31T06:37:00Z;11
2024-07-31T06:36:59Z;11
2024-07-31T06:36:58Z;11
2024-07-31T06:36:57Z;11
2024-07-31T06:36:56Z;11
2024-07-31T06:36:55Z;11
2024-07-31T06:36:54Z;11
2024-07-31T06:36:53Z;11
2024-07-31T06:36:52Z;11
2024-07-31T06:36:51Z;11
2024-07-31T06:36:50Z;11
2024-07-31T06:36:49Z;11
2024-07-31T06:36:48Z;10
2024-07-31T06:36:47Z;11
2024-07-31T06:36:46Z;10
2024-07-31T06:36:45Z;10
2024-07-31T06:36:44Z;10
2024-07-31T06:36:43Z;10
2024-07-31T06:36:42Z;10
2024-07-31T06:36:41Z;10
2024-07-31T06:36:40Z;10
2024-07-31T06:36:39Z;10
2024-07-31T06:36:38Z;10
2024-07-31T06:36:37Z;10
2024-07-31T06:36:36Z;10
2024-07-31T06:36:35Z;10
2024-07-31T06:36:34Z;10
2024-07-31T06:36:33Z;10
2024-07-31T06:36:32Z;10
2024-07-31T06:36:31Z;10
2024-07-31T06:36:30Z;10
2024-07-31T06:36:29Z;10
2024-07-31T06:36:28Z;10
2024-07-31T06:36:27Z;10
2024-07-31T06:36:26Z;11
2024-07-31T06:36:25Z;11
2024-07-31T06:36:24Z;11
2024-07-31T06:36:23Z;11
2024-07-31T06:36:22Z;11
2024-07-31T06:36:21Z;11
2024-07-31T06:36:20Z;11
2024-07-31T06:36:19Z;11
2024-07-31T06:36:18Z;11
2024-07-31T06:36:17Z;11
2024-07-31T06:36:16Z;11
2024-07-31T06:36:15Z;11
2024-07-31T06:36:14Z;11
2024-07-31T06:36:13Z;11
2024-07-31T06:36:12Z;11
2024-07-31T06:36:11Z;11
2024-07-31T06:36:10Z;11
2024-07-31T06:36:09Z;11
2024-07-31T06:36:08Z;11
2024-07-31T06:36:07Z;11
2024-07-31T06:36:06Z;11
2024-07-31T06:36:05Z;11
2024-07-31T06:36:04Z;11
2024-07-31T06:36:03Z;11
2024-07-31T06:36:02Z;11
2024-07-31T06:36:01Z;11
2024-07-31T06:36:00Z;11
2024-07-31T06:35:59Z;11
2024-07-31T06:35:58Z;11
2024-07-31T06:35:57Z;11
2024-07-31T06:35:56Z;11
2024-07-31T06:35:55Z;11
2024-07-31T06:35:54Z;11
2024-07-31T06:35:53Z;11
2024-07-31T06:35:52Z;11
2024-07-31T06:35:51Z;11
2024-07-31T06:35:50Z;11
2024-07-31T06:35:49Z;11
2024-07-31T06:35:48Z;11
2024-07-31T06:35:47Z;11
2024-07-31T06:35:46Z;11
2024-07-31T06:35:45Z;11
2024-07-31T06:35:44Z;11
2024-07-31T06:35:43Z;11
2024-07-31T06:35:42Z;11
2024-07-31T06:35:41Z;11
2024-07-31T06:35:40Z;11
2024-07-31T06:35:39Z;11
2024-07-31T06:35:38Z;11
2024-07-31T06:35:37Z;11
2024-07-31T06:35:36Z;11
2024-07-31T06:35:35Z;11
2024-07-31T06:35:34Z;11
2024-07-31T06:35:33Z;11
2024-07-31T06:35:32Z;11
2024-07-31T06:35:31Z;11
2024-07-31T06:35:30Z;11
2024-07-31T06:35:29Z;11
2024-07-31T06:35:28Z;11
2024-07-31T06:35:27Z;11
2024-07-31T06:35:26Z;11
2024-07-31T06:35:25Z;11
2024-07-31T06:35:24Z;11
2024-07-31T06:35:23Z;11
2024-07-31T06:35:22Z;11
2024-07-31T06:35:21Z;11
2024-07-31T06:35:20Z;11
2024-07-31T06:35:19Z;11
2024-07-31T06:35:18Z;11
2024-07-31T06:35:17Z;11
2024-07-31T06:35:16Z;11
2024-07-31T06:35:15Z;11
2024-07-31T06:35:14Z;11
2024-07-31T06:35:13Z;11
2024-07-31T06:35:12Z;11
2024-07-31T06:35:11Z;11
2024-07-31T06:35:10Z;11
2024-07-31T06:35:09Z;11
2024-07-31T06:35:08Z;12
2024-07-31T06:35:07Z;12
2024-07-31T06:35:06Z;12
2024-07-31T06:35:05Z;11
2024-07-31T06:35:04Z;11
2024-07-31T06:35:03Z;11
2024-07-31T06:35:02Z;11
2024-07-31T06:35:01Z;11
2024-07-31T06:35:00Z;11
2024-07-31T06:34:59Z;11
2024-07-31T06:34:58Z;11
2024-07-31T06:34:57Z;11
2024-07-31T06:34:56Z;11
2024-07-31T06:34:55Z;11
2024-07-31T06:34:54Z;11
2024-07-31T06:34:53Z;11
2024-07-31T06:34:52Z;11
2024-07-31T06:34:51Z;11
2024-07-31T06:34:50Z;11
2024-07-31T06:34:49Z;11
2024-07-31T06:34:48Z;11
2024-07-31T06:34:47Z;11
2024-07-31T06:34:46Z;11
2024-07-31T06:34:45Z;11
2024-07-31T06:34:44Z;11
2024-07-31T06:34:43Z;11
2024-07-31T06:34:42Z;11
2024-07-31T06:34:41Z;11
2024-07-31T06:34:40Z;11
2024-07-31T06:34:39Z;11
2024-07-31T06:34:38Z;11
2024-07-31T06:34:37Z;11
2024-07-31T06:34:36Z;11
2024-07-31T06:34:35Z;11
2024-07-31T06:34:34Z;11
2024-07-31T06:34:33Z;11
2024-07-31T06:34:32Z;11
2024-07-31T06:34:31Z;11
2024-07-31T06:34:30Z;11
2024-07-31T06:34:29Z;11
2024-07-31T06:34:28Z;11
2024-07-31T06:34:27Z;11
2024-07-31T06:34:26Z;11
2024-07-31T06:34:25Z;11
2024-07-31T06:34:24Z;11
2024-07-31T06:34:23Z;11
2024-07-31T06:34:22Z;11
2024-07-31T06:34:21Z;11
2024-07-31T06:34:20Z;10
2024-07-31T06:34:19Z;10
2024-07-31T06:34:18Z;10
2024-07-31T06:34:17Z;10
2024-07-31T06:34:16Z;10
2024-07-31T06:34:15Z;10
2024-07-31T06:34:14Z;10
2024-07-31T06:34:13Z;10
2024-07-31T06:34:12Z;10
2024-07-31T06:34:11Z;10
2024-07-31T06:34:10Z;10
2024-07-31T06:34:09Z;10
2024-07-31T06:34:08Z;10
2024-07-31T06:34:07Z;10
2024-07-31T06:34:06Z;10
2024-07-31T06:34:05Z;10
2024-07-31T06:34:04Z;10
2024-07-31T06:34:02Z;10
2024-07-31T06:34:01Z;10
2024-07-31T06:34:00Z;10
2024-07-31T06:33:59Z;10
2024-07-31T06:33:58Z;10
2024-07-31T06:33:57Z;10
2024-07-31T06:33:56Z;10
2024-07-31T06:33:55Z;10
2024-07-31T06:33:54Z;10
2024-07-31T06:33:53Z;10
2024-07-31T06:33:52Z;10
2024-07-31T06:33:51Z;10
2024-07-31T06:33:50Z;10
2024-07-31T06:33:49Z;10
2024-07-31T06:33:48Z;10
2024-07-31T06:33:47Z;11
2024-07-31T06:33:46Z;11
2024-07-31T06:33:45Z;11
2024-07-31T06:33:44Z;11
2024-07-31T06:33:43Z;11
2024-07-31T06:33:42Z;11
2024-07-31T06:33:41Z;11
2024-07-31T06:33:40Z;11
2024-07-31T06:33:39Z;11
2024-07-31T06:33:38Z;11
2024-07-31T06:33:37Z;11
2024-07-31T06:33:36Z;11
2024-07-31T06:33:35Z;11
2024-07-31T06:33:34Z;11
2024-07-31T06:33:33Z;11
2024-07-31T06:33:32Z;11
2024-07-31T06:33:31Z;11
2024-07-31T06:33:30Z;11
2024-07-31T06:33:29Z;11
2024-07-31T06:33:28Z;11
2024-07-31T06:33:27Z;11
2024-07-31T06:33:26Z;11
2024-07-31T06:33:25Z;11
2024-07-31T06:33:24Z;11
2024-07-31T06:33:23Z;11
2024-07-31T06:33:22Z;11
2024-07-31T06:33:21Z;11
2024-07-31T06:33:20Z;11
2024-07-31T06:33:19Z;11
2024-07-31T06:33:18Z;11
2024-07-31T06:33:17Z;11
2024-07-31T06:33:16Z;11
2024-07-31T06:33:15Z;11
2024-07-31T06:33:14Z;11
2024-07-31T06:33:13Z;11
2024-07-31T06:33:12Z;12
2024-07-31T06:33:11Z;12
2024-07-31T06:33:10Z;12
2024-07-31T06:33:09Z;12
2024-07-31T06:33:08Z;11
2024-07-31T06:33:07Z;11
2024-07-31T06:33:06Z;11
2024-07-31T06:33:05Z;11
2024-07-31T06:33:04Z;11
2024-07-31T06:33:03Z;11
2024-07-31T06:33:02Z;11
2024-07-31T06:33:01Z;11
2024-07-31T06:33:00Z;11
2024-07-31T06:32:59Z;11
2024-07-31T06:32:58Z;11
2024-07-31T06:32:57Z;11
2024-07-31T06:32:56Z;11
2024-07-31T06:32:55Z;11
2024-07-31T06:32:54Z;11
2024-07-31T06:32:53Z;11
2024-07-31T06:32:52Z;11
2024-07-31T06:32:51Z;11
2024-07-31T06:32:50Z;11
2024-07-31T06:32:49Z;11
2024-07-31T06:32:48Z;11
2024-07-31T06:32:47Z;11
2024-07-31T06:32:46Z;11
2024-07-31T06:32:45Z;11
2024-07-31T06:32:44Z;11
2024-07-31T06:32:43Z;11
2024-07-31T06:32:42Z;11
2024-07-31T06:32:41Z;11
2024-07-31T06:32:40Z;11
2024-07-31T06:32:39Z;11
2024-07-31T06:32:38Z;11
2024-07-31T06:32:37Z;11
2024-07-31T06:32:36Z;11
2024-07-31T06:32:35Z;11
2024-07-31T06:32:34Z;11
2024-07-31T06:32:33Z;11
2024-07-31T06:32:32Z;11
2024-07-31T06:32:31Z;11
2024-07-31T06:32:30Z;11
2024-07-31T06:32:29Z;11
2024-07-31T06:32:28Z;11
2024-07-31T06:32:27Z;11
2024-07-31T06:32:26Z;11
2024-07-31T06:32:25Z;11
2024-07-31T06:32:24Z;11
2024-07-31T06:32:23Z;11
2024-07-31T06:32:22Z;11
2024-07-31T06:32:21Z;11
2024-07-31T06:32:20Z;11
2024-07-31T06:32:19Z;11
2024-07-31T06:32:18Z;11
2024-07-31T06:32:17Z;11
2024-07-31T06:32:16Z;11
2024-07-31T06:32:15Z;11
2024-07-31T06:32:14Z;11
2024-07-31T06:32:13Z;11
2024-07-31T06:32:12Z;11
2024-07-31T06:32:11Z;11
2024-07-31T06:32:10Z;11
2024-07-31T06:32:09Z;11
2024-07-31T06:32:08Z;11
2024-07-31T06:32:07Z;11
2024-07-31T06:32:06Z;11
2024-07-31T06:32:05Z;11
2024-07-31T06:32:04Z;11
2024-07-31T06:32:03Z;11
2024-07-31T06:32:02Z;11
2024-07-31T06:32:01Z;11
2024-07-31T06:32:00Z;11
2024-07-31T06:31:59Z;11
2024-07-31T06:31:58Z;11
2024-07-31T06:31:57Z;11
2024-07-31T06:31:55Z;11
2024-07-31T06:31:54Z;11
2024-07-31T06:31:53Z;11
2024-07-31T06:31:52Z;11
2024-07-31T06:31:51Z;11
2024-07-31T06:31:50Z;11
2024-07-31T06:31:49Z;11
2024-07-31T06:31:48Z;11
2024-07-31T06:31:47Z;11
2024-07-31T06:31:46Z;11
2024-07-31T06:31:45Z;11
2024-07-31T06:31:44Z;11
2024-07-31T06:31:43Z;11
2024-07-31T06:31:42Z;11
2024-07-31T06:31:41Z;11
2024-07-31T06:31:40Z;11
2024-07-31T06:31:39Z;12
2024-07-31T06:31:38Z;12
2024-07-31T06:31:37Z;12
2024-07-31T06:31:36Z;12
2024-07-31T06:31:35Z;12
2024-07-31T06:31:34Z;12
2024-07-31T06:31:33Z;12
2024-07-31T06:31:32Z;12
2024-07-31T06:31:31Z;12
2024-07-31T06:31:30Z;12
2024-07-31T06:31:29Z;12
2024-07-31T06:31:28Z;12
2024-07-31T06:31:27Z;12
2024-07-31T06:31:26Z;12
2024-07-31T06:31:25Z;12
2024-07-31T06:31:24Z;12
2024-07-31T06:31:23Z;12
2024-07-31T06:31:22Z;12
2024-07-31T06:31:21Z;12
2024-07-31T06:31:20Z;12
2024-07-31T06:31:19Z;12
2024-07-31T06:31:18Z;12
2024-07-31T06:31:17Z;12
2024-07-31T06:31:16Z;12
2024-07-31T06:31:15Z;12
2024-07-31T06:31:14Z;12
2024-07-31T06:31:13Z;12
2024-07-31T06:31:12Z;12
2024-07-31T06:31:11Z;12
2024-07-31T06:31:10Z;12
2024-07-31T06:31:09Z;12
2024-07-31T06:31:08Z;12
2024-07-31T06:31:07Z;12
2024-07-31T06:31:06Z;12
2024-07-31T06:31:05Z;12
2024-07-31T06:31:04Z;12
2024-07-31T06:31:03Z;12
2024-07-31T06:31:02Z;12
2024-07-31T06:31:01Z;12
2024-07-31T06:31:00Z;11
2024-07-31T06:30:59Z;11
2024-07-31T06:30:58Z;11
2024-07-31T06:30:57Z;11
2024-07-31T06:30:56Z;11
2024-07-31T06:30:55Z;11
2024-07-31T06:30:54Z;11
2024-07-31T06:30:53Z;11
2024-07-31T06:30:52Z;11
2024-07-31T06:30:51Z;11
2024-07-31T06:30:50Z;11
2024-07-31T06:30:49Z;11
2024-07-31T06:30:48Z;11
2024-07-31T06:30:47Z;11
2024-07-31T06:30:46Z;11
2024-07-31T06:30:45Z;11
2024-07-31T06:30:44Z;11
2024-07-31T06:30:43Z;11
2024-07-31T06:30:42Z;11
2024-07-31T06:30:41Z;11
2024-07-31T06:30:40Z;11
2024-07-31T06:30:39Z;11
2024-07-31T06:30:38Z;11
2024-07-31T06:30:37Z;11
2024-07-31T06:30:36Z;11
2024-07-31T06:30:35Z;11
2024-07-31T06:30:34Z;11
2024-07-31T06:30:33Z;11
2024-07-31T06:30:32Z;11
2024-07-31T06:30:31Z;11
2024-07-31T06:30:30Z;11
2024-07-31T06:30:29Z;11
2024-07-31T06:30:28Z;11
2024-07-31T06:30:27Z;11
2024-07-31T06:30:26Z;11
2024-07-31T06:30:25Z;11
2024-07-31T06:30:24Z;11
2024-07-31T06:30:23Z;11
2024-07-31T06:30:22Z;11
2024-07-31T06:30:21Z;11
2024-07-31T06:30:20Z;11
2024-07-31T06:30:19Z;11
2024-07-31T06:30:18Z;11
2024-07-31T06:30:17Z;11
2024-07-31T06:30:16Z;12
2024-07-31T06:30:15Z;12
2024-07-31T06:30:14Z;12
2024-07-31T06:30:13Z;12
2024-07-31T06:30:12Z;12
2024-07-31T06:30:11Z;12
2024-07-31T06:30:10Z;12
2024-07-31T06:30:09Z;12
2024-07-31T06:30:08Z;12
2024-07-31T06:30:07Z;12
2024-07-31T06:30:06Z;11
2024-07-31T06:30:05Z;11
2024-07-31T06:30:04Z;11
2024-07-31T06:30:03Z;11
2024-07-31T06:30:02Z;11
2024-07-31T06:30:01Z;11
2024-07-31T06:30:00Z;11
2024-07-31T06:29:59Z;11
2024-07-31T06:29:58Z;11
2024-07-31T06:29:57Z;11
2024-07-31T06:29:56Z;11
2024-07-31T06:29:55Z;11
2024-07-31T06:29:54Z;11
2024-07-31T06:29:53Z;11
2024-07-31T06:29:52Z;11
2024-07-31T06:29:51Z;11
2024-07-31T06:29:50Z;11
2024-07-31T06:29:49Z;11
2024-07-31T06:29:48Z;11
2024-07-31T06:29:47Z;11
2024-07-31T06:29:46Z;11
2024-07-31T06:29:45Z;11
2024-07-31T06:29:44Z;11
2024-07-31T06:29:43Z;11
2024-07-31T06:29:42Z;11
2024-07-31T06:29:41Z;11
2024-07-31T06:29:40Z;11
2024-07-31T06:29:39Z;11
2024-07-31T06:29:38Z;11
2024-07-31T06:29:37Z;11
2024-07-31T06:29:36Z;11
2024-07-31T06:29:35Z;11
2024-07-31T06:29:34Z;11
2024-07-31T06:29:33Z;11
2024-07-31T06:29:32Z;11
2024-07-31T06:29:31Z;10
2024-07-31T06:29:30Z;10
2024-07-31T06:29:29Z;10
2024-07-31T06:29:28Z;11
2024-07-31T06:29:27Z;11
2024-07-31T06:29:26Z;11
2024-07-31T06:29:25Z;11
2024-07-31T06:29:24Z;11
2024-07-31T06:29:23Z;11
2024-07-31T06:29:22Z;11
2024-07-31T06:29:21Z;11
2024-07-31T06:29:20Z;11
2024-07-31T06:29:19Z;11
2024-07-31T06:29:18Z;11
2024-07-31T06:29:17Z;11
2024-07-31T06:29:16Z;11
2024-07-31T06:29:15Z;11
2024-07-31T06:29:14Z;11
2024-07-31T06:29:13Z;11
2024-07-31T06:29:12Z;11
2024-07-31T06:29:11Z;11
2024-07-31T06:29:10Z;11
2024-07-31T06:29:09Z;11
2024-07-31T06:29:08Z;11
2024-07-31T06:29:07Z;11
2024-07-31T06:29:06Z;11
2024-07-31T06:29:05Z;11
2024-07-31T06:29:04Z;11
2024-07-31T06:29:03Z;11
2024-07-31T06:29:02Z;11
2024-07-31T06:29:01Z;11
2024-07-31T06:29:00Z;11
2024-07-31T06:28:59Z;12
2024-07-31T06:28:58Z;12
2024-07-31T06:28:57Z;12
2024-07-31T06:28:56Z;11
2024-07-31T06:28:55Z;11
2024-07-31T06:28:54Z;11
2024-07-31T06:28:53Z;11
2024-07-31T06:28:52Z;11
2024-07-31T06:28:51Z;11
2024-07-31T06:28:50Z;11
2024-07-31T06:28:49Z;11
2024-07-31T06:28:48Z;11
2024-07-31T06:28:47Z;11
2024-07-31T06:28:46Z;11
2024-07-31T06:28:45Z;11
2024-07-31T06:28:44Z;11
2024-07-31T06:28:43Z;11
2024-07-31T06:28:42Z;11
2024-07-31T06:28:41Z;11
2024-07-31T06:28:40Z;11
2024-07-31T06:28:39Z;11
2024-07-31T06:28:38Z;11
2024-07-31T06:28:37Z;11
2024-07-31T06:28:36Z;11
2024-07-31T06:28:35Z;11
2024-07-31T06:28:34Z;11
2024-07-31T06:28:33Z;11
2024-07-31T06:28:32Z;11
2024-07-31T06:28:31Z;11
2024-07-31T06:28:30Z;12
2024-07-31T06:28:29Z;12
2024-07-31T06:28:28Z;12
2024-07-31T06:28:27Z;12
2024-07-31T06:28:26Z;12
2024-07-31T06:28:25Z;12
2024-07-31T06:28:24Z;12
2024-07-31T06:28:23Z;12
2024-07-31T06:28:22Z;12
2024-07-31T06:28:21Z;12
2024-07-31T06:28:20Z;12
2024-07-31T06:28:19Z;12
2024-07-31T06:28:18Z;12
2024-07-31T06:28:17Z;12
2024-07-31T06:28:16Z;12
2024-07-31T06:28:15Z;12
2024-07-31T06:28:14Z;12
2024-07-31T06:28:13Z;12
2024-07-31T06:28:12Z;12
2024-07-31T06:28:11Z;12
2024-07-31T06:28:10Z;12
2024-07-31T06:28:09Z;12
2024-07-31T06:28:08Z;12
2024-07-31T06:28:07Z;11
2024-07-31T06:28:06Z;11
2024-07-31T06:28:05Z;11
2024-07-31T06:28:04Z;11
2024-07-31T06:28:03Z;11
2024-07-31T06:28:02Z;11
2024-07-31T06:28:01Z;11
2024-07-31T06:28:00Z;11
2024-07-31T06:27:59Z;11
2024-07-31T06:27:58Z;11
2024-07-31T06:27:57Z;11
2024-07-31T06:27:56Z;11
2024-07-31T06:27:55Z;11
2024-07-31T06:27:54Z;11
2024-07-31T06:27:53Z;11
2024-07-31T06:27:52Z;11
2024-07-31T06:27:51Z;11
2024-07-31T06:27:50Z;11
2024-07-31T06:27:49Z;11
2024-07-31T06:27:48Z;10
2024-07-31T06:27:47Z;10
2024-07-31T06:27:46Z;10
2024-07-31T06:27:45Z;11
2024-07-31T06:27:44Z;11
2024-07-31T06:27:43Z;11
2024-07-31T06:27:42Z;11
2024-07-31T06:27:41Z;11
2024-07-31T06:27:40Z;11
2024-07-31T06:27:39Z;11
2024-07-31T06:27:38Z;11
2024-07-31T06:27:37Z;11
2024-07-31T06:27:36Z;11
2024-07-31T06:27:35Z;11
2024-07-31T06:27:34Z;11
2024-07-31T06:27:33Z;11
2024-07-31T06:27:32Z;11
2024-07-31T06:27:31Z;11
2024-07-31T06:27:30Z;11
2024-07-31T06:27:29Z;11
